Scenario,Day,ASAP_cost_EUR,Flexible_cost_EUR,Cost_saving_EUR,ASAP_grid_import,Flexible_grid_import,ASAP_grid_export,Flexible_grid_export,ASAP_peak_EV,Flexible_peak_EV,EV_energy
Low,106,0.0,0.0,0.0,0.0,0.0,1677.3199029133425,1677.3199029133425,11.8,21.0,37.0
Medium,20,94.21767984077373,92.61773159833531,1.5999482424384155,1296.2633051199277,1296.2633051199277,0.0,0.0,68.5,132.0,303.0
High,95,0.0,0.0,0.0,0.0,0.0,1400.274606499865,1372.0088910477184,127.90000000000002,175.0,509.0
