S_PV_kWp,S_batt_kWh,S_PC_kW,P_grid_delta_kW,OPEX_noinv_EUR_per_year,Optimal_objective_EUR_per_year,Estimated_annual_saving_EUR
543.8353176034748,390.7733364954894,99.64720080634979,55.0,84268.0043451831,63199.883504414924,21068.120840768177
